{
  "total_examples": 748,
  "exact_matches": 0,
  "exact_match_accuracy": 0.0,
  "gleu_score": 74.79222249414144,
  "m2_precision": 50.81967213114754,
  "m2_recall": 51.29695885509838,
  "m2_f0.5": 50.91441761363637
}