{
  "total_examples": 748,
  "exact_matches": 3,
  "exact_match_accuracy": 0.4010695187165776,
  "gleu_score": 68.83795889295088,
  "m2_precision": 39.34483973230011,
  "m2_recall": 49.95527728085868,
  "m2_f0.5": 41.090347263095936
}