{
  "total_examples": 748,
  "exact_matches": 0,
  "exact_match_accuracy": 0.0,
  "gleu_score": 73.64096103969482,
  "m2_precision": 46.35941130906274,
  "m2_recall": 53.533094812164585,
  "m2_f0.5": 47.63610315186246
}