{
  "total_examples": 359,
  "exact_matches": 1,
  "exact_match_accuracy": 0.2785515320334262,
  "avg_input_length": 19.704735376044567,
  "avg_prediction_length": 18.493036211699163,
  "avg_target_length": 16.54317548746518,
  "prediction_compression_rate": 6.149279050042411,
  "target_compression_rate": 16.044670624823297,
  "sari_score": 58.742798786681135,
  "prediction_flesch_reading_ease": 57.95863289622005,
  "target_flesch_reading_ease": 59.448665435595444,
  "prediction_flesch_kincaid_grade_level": 9.235339238835415,
  "target_flesch_kincaid_grade_level": 8.31890193784495
}