{
  "total_examples": 8768,
  "exact_matches": 0,
  "exact_match_accuracy": 0.0,
  "gleu_score": 0.0,
  "m2_precision": 1.774910009956345,
  "m2_recall": 12.39802059649592,
  "m2_f0.5": 2.1419757935939443
}