{
  "total_examples": 748,
  "exact_matches": 0,
  "exact_match_accuracy": 0.0,
  "gleu_score": 0.0,
  "m2_precision": 5.411147213196701,
  "m2_recall": 19.3649373881932,
  "m2_f0.5": 6.32227543511272
}