{
  "total_examples": 748,
  "exact_matches": 0,
  "exact_match_accuracy": 0.0,
  "gleu_score": 0.0,
  "m2_precision": 15.584415584415584,
  "m2_recall": 21.46690518783542,
  "m2_f0.5": 16.48804616652927
}