{
  "total_examples": 748,
  "exact_matches": 0,
  "exact_match_accuracy": 0.0,
  "gleu_score": 0.0,
  "m2_precision": 10.164693772516726,
  "m2_recall": 17.6654740608229,
  "m2_f0.5": 11.107986501687288
}