{
  "total_examples": 748,
  "exact_matches": 0,
  "exact_match_accuracy": 0.0,
  "gleu_score": 4.66,
  "m2_precision": 3.3818097876269624,
  "m2_recall": 13.103756708407872,
  "m2_f0.5": 3.971050634283856
}