{
  "total_examples": 748,
  "exact_matches": 0,
  "exact_match_accuracy": 0.0,
  "gleu_score": 0.0,
  "m2_precision": 15.564077980185361,
  "m2_recall": 21.779964221824688,
  "m2_f0.5": 16.50623644251627
}