{
  "total_examples": 2000,
  "exact_matches": 0,
  "exact_match_accuracy": 0.0,
  "avg_input_length": 19.123,
  "avg_prediction_length": 34.6295,
  "avg_target_length": 16.3815,
  "prediction_compression_rate": -81.08821837577784,
  "target_compression_rate": 14.336139727030284,
  "sari_score": 0.0,
  "prediction_flesch_reading_ease": 55.98406970991956,
  "target_flesch_reading_ease": 58.68312585039143,
  "prediction_flesch_kincaid_grade_level": 9.076470352911157,
  "target_flesch_kincaid_grade_level": 8.579216474177056
}