{
  "total_examples": 359,
  "exact_matches": 0,
  "exact_match_accuracy": 0.0,
  "avg_input_length": 19.704735376044567,
  "avg_prediction_length": 82.98885793871867,
  "avg_target_length": 16.54317548746518,
  "prediction_compression_rate": -321.16200169635295,
  "target_compression_rate": 16.044670624823297,
  "sari_score": 0.0,
  "prediction_flesch_reading_ease": 51.85622146466561,
  "target_flesch_reading_ease": 59.448665435595444,
  "prediction_flesch_kincaid_grade_level": 10.000862851610334,
  "target_flesch_kincaid_grade_level": 8.31890193784495
}