{
  "total_examples": 2000,
  "exact_matches": 0,
  "exact_match_accuracy": 0.0,
  "avg_input_length": 19.123,
  "avg_prediction_length": 40.2935,
  "avg_target_length": 16.3815,
  "prediction_compression_rate": -110.70700203942896,
  "target_compression_rate": 14.336139727030284,
  "sari_score": 0.0,
  "prediction_flesch_reading_ease": 75.506620399617,
  "target_flesch_reading_ease": 58.68312585039143,
  "prediction_flesch_kincaid_grade_level": 4.911902608497168,
  "target_flesch_kincaid_grade_level": 8.579216474177056
}